"AccountName","AccountId","SSORole","Region","VpcId","SecurityGroupId","GroupName","Description","IsAttached","Status","LambdaCount","storagegatewayCount","FSxCount","logsCount","drsCount","s3Count","EFSCount","RDSCount","ec2messagesCount","ELBCount","EC2Count","ssmmessagesCount","TransitGatewayCount","RedshiftCount","sqsCount","ENICount","ssmCount","monitoringCount","mgnCount","ElastiCacheCount"
"ipf-aws-vmc-sddc1","390439356506","nonprivFujitsuCSA","eu-west-1","vpc-0352119401292876d","sg-058b60997639f5d62","scommanagedinstances-euw1-prod-mvpc-workloadsddc1-01-sg","scommanagedinstances-euw1-prod-mvpc-workloadsddc1-01","False","Orphaned","0","0","0","0","0","0","0","0","0","0","0","0","0","0","0","0","0","0","0","0"
"ipf-aws-vmc-sddc1","390439356506","nonprivFujitsuCSA","eu-west-1","vpc-0a3828acd165d4e15","sg-0b8c8d1bc1b2cc6b1","cvpc-endpoints-01-sg","Allow Access to VPC endpoint","True","In Use","0","0","0","0","0","0","0","0","0","0","0","0","0","0","0","7","0","0","0","0"
"ipf-aws-vmc-sddc1","390439356506","nonprivFujitsuCSA","eu-west-1","vpc-0a3828acd165d4e15","sg-091bd51b37db575e8","scommanagedinstances-euw1-prod-cvpc-workloadsddc1-01-sg","scommanagedinstances-euw1-prod-cvpc-workloadsddc1-01","False","Orphaned","0","0","0","0","0","0","0","0","0","0","0","0","0","0","0","0","0","0","0","0"
"ipf-aws-vmc-sddc1","390439356506","nonprivFujitsuCSA","eu-west-1","vpc-0a3828acd165d4e15","sg-0500ae3b991dbb2f2","FujitsuCoreManagedInstances-sg","Fujitsu Core Managed Instances","True","In Use","0","0","0","0","0","0","0","0","0","0","250","0","0","0","0","253","0","0","0","0"
"ipf-aws-vmc-sddc1","390439356506","nonprivFujitsuCSA","eu-west-1","vpc-0a3828acd165d4e15","sg-00c4a06d2eea47d31","HRSQLServer-sg","Allow Access to HR SQL Server","False","Orphaned","0","0","0","0","0","0","0","0","0","0","0","0","0","0","0","0","0","0","0","0"
"ipf-aws-vmc-sddc1","390439356506","nonprivFujitsuCSA","eu-west-1","vpc-0352119401292876d","sg-0530001ea9dbcda7e","Netskope-infrtastructure-workloadsddc2-01","Allow connectivity to all sddc1 mvpc servers","True","In Use","0","0","0","0","0","0","0","0","0","0","15","0","0","0","0","16","0","0","0","0"
"ipf-aws-vmc-sddc1","390439356506","nonprivFujitsuCSA","eu-west-1","vpc-0a3828acd165d4e15","sg-00b82cc5e8a762679","FocusSQLAOAG-sg","Focus SQL servers AOAG Group","True","In Use","0","0","0","0","0","0","0","0","0","0","3","0","0","0","0","3","0","0","0","0"
"ipf-aws-vmc-sddc1","390439356506","nonprivFujitsuCSA","eu-west-1","vpc-0352119401292876d","sg-0af864b5cfff4e694","default","default VPC security group","False","Orphaned","0","0","0","0","0","0","0","0","0","0","0","0","0","0","0","0","0","0","0","0"
"ipf-aws-vmc-sddc1","390439356506","nonprivFujitsuCSA","eu-west-1","vpc-0352119401292876d","sg-064199892391999fa","MarketManagedInstances-sg-02","Allow access to market servers from management servers","False","Orphaned","0","0","0","0","0","0","0","0","0","0","0","0","0","0","0","0","0","0","0","0"
"ipf-aws-vmc-sddc1","390439356506","nonprivFujitsuCSA","eu-west-1","vpc-0a3828acd165d4e15","sg-003442b2f9f7032ce","FreudSQLserver-sg","Allow access to Freud SQL server","True","In Use","0","0","0","0","0","0","0","0","0","0","1","0","0","0","0","1","0","0","0","0"
"ipf-aws-vmc-sddc1","390439356506","nonprivFujitsuCSA","eu-west-1","vpc-0a3828acd165d4e15","sg-0043cda9d3d917163","IPFAccess-FOAM-HCPL-Prod-Access-sg","FOAM Prod Access","True","In Use","0","0","0","0","0","0","0","0","0","0","2","0","0","0","0","2","0","0","0","0"
"ipf-aws-vmc-sddc1","390439356506","nonprivFujitsuCSA","eu-west-1","vpc-0a3828acd165d4e15","sg-0a152cd2d4f62b9f9","ReserveSQLServer-sg","Allow access to Reseve SQL server","True","In Use","0","0","0","0","0","0","0","0","0","0","1","0","0","0","0","1","0","0","0","0"
"ipf-aws-vmc-sddc1","390439356506","nonprivFujitsuCSA","eu-west-1","vpc-0a3828acd165d4e15","sg-05e5601deeab0ee01","QliksenseSQLServer-sg","Allow Access to Qlik Sense","True","In Use","0","0","0","0","0","0","0","0","0","0","1","0","0","0","0","1","0","0","0","0"
"ipf-aws-vmc-sddc1","390439356506","nonprivFujitsuCSA","eu-west-1","vpc-0a3828acd165d4e15","sg-09a660cef97654cb5","siemslcservers-01-sg","Security group for source log collector","False","Orphaned","0","0","0","0","0","0","0","0","0","0","0","0","0","0","0","0","0","0","0","0"
"ipf-aws-vmc-sddc1","390439356506","nonprivFujitsuCSA","eu-west-1","vpc-0a3828acd165d4e15","sg-079645868dc6e588f","FocusCopyCNFSSQLServer-sg","Allow access to Copy CNFS SQL servers","True","In Use","0","0","0","0","0","0","0","0","0","0","3","0","0","0","0","3","0","0","0","0"
"ipf-aws-vmc-sddc1","390439356506","nonprivFujitsuCSA","eu-west-1","vpc-0a3828acd165d4e15","sg-097f8d716a2ee92c8","MyProviSQLservers-sg","Allow access to MyProvi SQL servers","True","In Use","0","0","0","0","0","0","0","0","0","0","6","0","0","0","0","6","0","0","0","0"
"ipf-aws-vmc-sddc1","390439356506","nonprivFujitsuCSA","eu-west-1","vpc-0a3828acd165d4e15","sg-0f7b88ac25ce85b65","MSSPserver-sg","MSSPserver-sg created 2021-09-27T10:06:22.549+01:00","True","In Use","0","0","0","0","0","0","0","0","0","0","1","0","0","0","0","1","0","0","0","0"
"ipf-aws-vmc-sddc1","390439356506","nonprivFujitsuCSA","eu-west-1","vpc-0a3828acd165d4e15","sg-020712ac354ff442c","FocusLNFSSQLServer-sg","Allow access to Focus LNFS SQL Servers","True","In Use","0","0","0","0","0","0","0","0","0","0","5","0","0","0","0","5","0","0","0","0"
"ipf-aws-vmc-sddc1","390439356506","nonprivFujitsuCSA","eu-west-1","vpc-0a3828acd165d4e15","sg-053d067e82a211aea","AWS Application Migration Service default Conversion Server Security Group","Security group with the required permissions for AWS Application Migration Service Conversion Servers","False","Orphaned","0","0","0","0","0","0","0","0","0","0","0","0","0","0","0","0","0","0","0","0"
"ipf-aws-vmc-sddc1","390439356506","nonprivFujitsuCSA","eu-west-1","vpc-0352119401292876d","sg-06be9c0445c814149","Commvault-market-sg","Allow access fro market servers","False","Orphaned","0","0","0","0","0","0","0","0","0","0","0","0","0","0","0","0","0","0","0","0"
"ipf-aws-vmc-sddc1","390439356506","nonprivFujitsuCSA","eu-west-1","vpc-0a3828acd165d4e15","sg-0746a088a2318c7b1","mex-adds-cvpc-euw1-prod-sddc1-01-sg","Allow connectivity from Mexico ADDS","True","In Use","0","0","0","0","0","0","0","0","0","0","4","0","0","0","0","4","0","0","0","0"
"ipf-aws-vmc-sddc1","390439356506","nonprivFujitsuCSA","eu-west-1","vpc-0a3828acd165d4e15","sg-03ab515ef17a3c22b","FujitsuTerminalServerSSH-sg","Fujitsu Terminal Servers SSH","True","In Use","0","0","0","0","0","0","0","0","0","0","3","0","0","0","0","3","0","0","0","0"
"ipf-aws-vmc-sddc1","390439356506","nonprivFujitsuCSA","eu-west-1","vpc-0a3828acd165d4e15","sg-048697b733a2c4eed","BankrecSQLserves-sg","Allow access to BankRec SQL server","True","In Use","0","0","0","0","0","0","0","0","0","0","1","0","0","0","0","1","0","0","0","0"
"ipf-aws-vmc-sddc1","390439356506","nonprivFujitsuCSA","eu-west-1","vpc-0a3828acd165d4e15","sg-07eb72d0fbd262220","cmsonedigitaldsiservers-sg","Allow access to CMS one Digital DSI servers","False","Orphaned","0","0","0","0","0","0","0","0","0","0","0","0","0","0","0","0","0","0","0","0"
"ipf-aws-vmc-sddc1","390439356506","nonprivFujitsuCSA","eu-west-1","vpc-0a3828acd165d4e15","sg-0ea3c9c691cf8e4f0","Fujitsu-SCOM-Commserver-sg","Fujitsu-SCOM-Commserver-sg","True","In Use","0","0","0","0","0","0","0","0","0","0","4","0","0","0","0","4","0","0","0","0"
"ipf-aws-vmc-sddc1","390439356506","nonprivFujitsuCSA","eu-west-1","vpc-0352119401292876d","sg-0469cdcd075aa9c3c","inbound-endpoint-mvpc-euw1-prod-sddc1-01","AWS Inbound Endpoint -MVPC","True","In Use","0","0","0","0","0","0","0","0","0","0","0","0","0","0","0","2","0","0","0","0"
"ipf-aws-vmc-sddc1","390439356506","nonprivFujitsuCSA","eu-west-1","vpc-0a3828acd165d4e15","sg-012cd0dbd9bcc0323","drsAWSElasticDRS-failback-sg","drsAWSElasticDRS-failback-sg","False","Orphaned","0","0","0","0","0","0","0","0","0","0","0","0","0","0","0","0","0","0","0","0"
"ipf-aws-vmc-sddc1","390439356506","nonprivFujitsuCSA","eu-west-1","vpc-0a3828acd165d4e15","sg-0b0987029e514106c","AWS Elastic Disaster Recovery default Conversion Server Security Group","Security group with the required permissions for AWS Elastic Disaster Recovery Conversion Servers","False","Orphaned","0","0","0","0","0","0","0","0","0","0","0","0","0","0","0","0","0","0","0","0"
"ipf-aws-vmc-sddc1","390439356506","nonprivFujitsuCSA","eu-west-1","vpc-0a3828acd165d4e15","sg-0bcf969076b1d1a6b","Confluenceserver-sg","Allow access to Confluence server","True","In Use","0","0","0","0","0","0","0","0","0","0","1","0","0","0","0","1","0","0","0","0"
"ipf-aws-vmc-sddc1","390439356506","nonprivFujitsuCSA","eu-west-1","vpc-0a3828acd165d4e15","sg-0a091d97f2910e24f","centeralmanagementplatform-sg","Allow access to CMP servers","True","In Use","0","0","0","0","0","0","0","0","0","0","3","0","0","0","0","6","0","0","0","0"
"ipf-aws-vmc-sddc1","390439356506","nonprivFujitsuCSA","eu-west-1","vpc-0a3828acd165d4e15","sg-069c103410834bfa1","FJSmgmtconnectvity-sg","Allow connectivity to SEP, SCOM, SCCM and SMTP","True","In Use","0","0","0","0","0","0","0","0","0","0","5","0","0","0","0","5","0","0","0","0"
"ipf-aws-vmc-sddc1","390439356506","nonprivFujitsuCSA","eu-west-1","vpc-0352119401292876d","sg-06447f35c81e49906","Hungary-ProductionSQLServers-01-sg","Security group for Hungary Production SQL Servers","False","Orphaned","0","0","0","0","0","0","0","0","0","0","0","0","0","0","0","0","0","0","0","0"
"ipf-aws-vmc-sddc1","390439356506","nonprivFujitsuCSA","eu-west-1","vpc-0a3828acd165d4e15","sg-0e140149ec167b4ef","SQLDBTest","SQLDBTest","False","Orphaned","0","0","0","0","0","0","0","0","0","0","0","0","0","0","0","0","0","0","0","0"
"ipf-aws-vmc-sddc1","390439356506","nonprivFujitsuCSA","eu-west-1","vpc-0a3828acd165d4e15","sg-0c465fe615d4d050a","cmssqlsservers-sg","Allow access to CMS SQL servers","True","In Use","0","0","0","0","0","0","0","0","0","0","1","0","0","0","0","1","0","0","0","0"
"ipf-aws-vmc-sddc1","390439356506","nonprivFujitsuCSA","eu-west-1","vpc-0a3828acd165d4e15","sg-0aa9dded7679af5d7","PROD02DomainMembers-sg","Active Directory Domain Members","True","In Use","0","0","0","0","0","0","0","0","0","0","1","0","0","0","0","1","0","0","0","0"
"ipf-aws-vmc-sddc1","390439356506","nonprivFujitsuCSA","eu-west-1","vpc-0a3828acd165d4e15","sg-01ad57e4ac639c9f6","fileserversqls002-sg","Allow access to File server","True","In Use","0","0","0","0","0","0","0","0","0","0","1","0","0","0","0","1","0","0","0","0"
"ipf-aws-vmc-sddc1","390439356506","nonprivFujitsuCSA","eu-west-1","vpc-0352119401292876d","sg-0357de2cd39fae6b6","FujitsuCoreManagedInstances-sg-02","Fujitsu Core managed security group","True","In Use","0","0","0","0","0","0","0","0","0","0","1","0","0","0","0","1","0","0","0","0"
"ipf-aws-vmc-sddc1","390439356506","nonprivFujitsuCSA","eu-west-1","vpc-0a3828acd165d4e15","sg-037b325b220c8d0aa","Depersonalisation-sg","Allow access to Depersonalization SQL server","True","In Use","0","0","0","0","0","0","0","0","0","0","1","0","0","0","0","1","0","0","0","0"
"ipf-aws-vmc-sddc1","390439356506","nonprivFujitsuCSA","eu-west-1","vpc-0a3828acd165d4e15","sg-0e82b6e4b12caa010","Netskope-private-access-workloadsddc2-01","Allow connectivity to all sddc1 cvpc servers","True","In Use","0","0","0","0","0","0","0","0","0","0","240","0","0","0","0","240","0","0","0","0"
"ipf-aws-vmc-sddc1","390439356506","nonprivFujitsuCSA","eu-west-1","vpc-0a3828acd165d4e15","sg-006091164edaaf157","rofilegatewayendpoint-01-sg","Security group for File Gateway Appliance","True","In Use","0","0","0","0","0","0","0","0","0","0","0","0","0","0","0","1","0","0","0","0"
"ipf-aws-vmc-sddc1","390439356506","nonprivFujitsuCSA","eu-west-1","vpc-0a3828acd165d4e15","sg-084805ed398a2f2ad","adfrmgmt-vpc-euw1-prod-adfr-01","ADFR","True","In Use","0","0","0","0","0","0","0","0","0","0","2","0","0","0","0","2","0","0","0","0"
"ipf-aws-vmc-sddc1","390439356506","nonprivFujitsuCSA","eu-west-1","vpc-0a3828acd165d4e15","sg-0a940d6a860798145","SystemsCenterServers-sg","Allows SCOM and SCCM Application Servers","True","In Use","0","0","0","0","0","0","0","0","0","0","1","0","0","0","0","1","0","0","0","0"
"ipf-aws-vmc-sddc1","390439356506","nonprivFujitsuCSA","eu-west-1","vpc-0a3828acd165d4e15","sg-0c8d7e542d2b75c59","CloudEndure Machine Converter","SSH access for replicated machine conversion","False","Orphaned","0","0","0","0","0","0","0","0","0","0","0","0","0","0","0","0","0","0","0","0"
"ipf-aws-vmc-sddc1","390439356506","nonprivFujitsuCSA","eu-west-1","vpc-0a3828acd165d4e15","sg-07de5e11e33201148","cmsonedigitalsqlserver2-sg","CHG0444733","True","In Use","0","0","0","0","0","0","0","0","0","0","1","0","0","0","0","1","0","0","0","0"
"ipf-aws-vmc-sddc1","390439356506","nonprivFujitsuCSA","eu-west-1","vpc-0352119401292876d","sg-02ae9a6530a619fbd","sdsczrtrton-sql-01-sg","CHG0477849","False","Orphaned","0","0","0","0","0","0","0","0","0","0","0","0","0","0","0","0","0","0","0","0"
"ipf-aws-vmc-sddc1","390439356506","nonprivFujitsuCSA","eu-west-1","vpc-0a3828acd165d4e15","sg-04a0f86610551f0b8","rediscmsonedigitaldsi-sg","rediscmsonedigitaldsi-sg","False","Orphaned","0","0","0","0","0","0","0","0","0","0","0","0","0","0","0","0","0","0","0","0"
"ipf-aws-vmc-sddc1","390439356506","nonprivFujitsuCSA","eu-west-1","vpc-0a3828acd165d4e15","sg-091158007c87fea2d","MarketManagedInstances-sg","Allow Management servers access to market workloads","False","Orphaned","0","0","0","0","0","0","0","0","0","0","0","0","0","0","0","0","0","0","0","0"
"ipf-aws-vmc-sddc1","390439356506","nonprivFujitsuCSA","eu-west-1","vpc-0a3828acd165d4e15","sg-0539ece6935a4c69a","cmsonedigitalsqlsservers-sg","Allow access to CMS One Digital SQL servers","True","In Use","0","0","0","0","0","0","0","0","0","0","1","0","0","0","0","1","0","0","0","0"
"ipf-aws-vmc-sddc1","390439356506","nonprivFujitsuCSA","eu-west-1","vpc-0352119401292876d","sg-008b1ee1460bd4ea0","edrs-test02-sg","edrs sg","False","Orphaned","0","0","0","0","0","0","0","0","0","0","0","0","0","0","0","0","0","0","0","0"
"ipf-aws-vmc-sddc1","390439356506","nonprivFujitsuCSA","eu-west-1","vpc-0a3828acd165d4e15","sg-0d8c9f8ad0d03459f","prodsddc1cvpcservers-01-sg","Security group for for all production application servers ","True","In Use","0","0","0","0","0","0","0","0","0","0","203","0","0","0","0","205","0","0","0","0"
"ipf-aws-vmc-sddc1","390439356506","nonprivFujitsuCSA","eu-west-1","vpc-0a3828acd165d4e15","sg-02025449b80de9a56","PFGroupDomainMembers-sg","Active Directory Domain Members","False","Orphaned","0","0","0","0","0","0","0","0","0","0","0","0","0","0","0","0","0","0","0","0"
"ipf-aws-vmc-sddc1","390439356506","nonprivFujitsuCSA","eu-west-1","vpc-0a3828acd165d4e15","sg-0d7f01661c986a0bb","Netskope-infrtastructure-workloadsddc2-01","Allow connectivity to all sddc1 cvpc servers","True","In Use","0","0","0","0","0","0","0","0","0","0","240","0","0","0","0","240","0","0","0","0"
"ipf-aws-vmc-sddc1","390439356506","nonprivFujitsuCSA","eu-west-1","vpc-0a3828acd165d4e15","sg-0020ee6d664ccac6e","default","default VPC security group","True","In Use","0","0","0","0","0","0","0","0","0","0","0","0","0","0","0","23","0","0","0","0"
"ipf-aws-vmc-sddc1","390439356506","nonprivFujitsuCSA","eu-west-1","vpc-0a3828acd165d4e15","sg-0d16efe106709813f","hufilegatewayendpoint-01-sg","Security group for Volume Gateway Appliance","True","In Use","0","0","0","0","0","0","0","0","0","0","0","0","0","0","0","1","0","0","0","0"
"ipf-aws-vmc-sddc1","390439356506","nonprivFujitsuCSA","eu-west-1","vpc-0a3828acd165d4e15","sg-043cbfb16e5585b2e","dc-adfrmgmt-vpc-euw1-prod-adfr-01","Domain Controller to ADFR Management ","True","In Use","0","0","0","0","0","0","0","0","0","0","8","0","0","0","0","8","0","0","0","0"
"ipf-aws-vmc-sddc1","390439356506","nonprivFujitsuCSA","eu-west-1","vpc-0352119401292876d","sg-0ee5ec7eed14b8750","rodcsrsql15p-01-sg","Security group for SQL Server RODCSRSQL15P ","True","In Use","0","0","0","0","0","0","0","0","0","0","1","0","0","0","0","1","0","0","0","0"
"ipf-aws-vmc-sddc1","390439356506","nonprivFujitsuCSA","eu-west-1","vpc-0352119401292876d","sg-08674b8cdc16cc694","czdcsrpbi01p-sql-01-sg","Security group for SQL Server CZDCSRPBI01P","False","Orphaned","0","0","0","0","0","0","0","0","0","0","0","0","0","0","0","0","0","0","0","0"
"ipf-aws-vmc-sddc1","390439356506","nonprivFujitsuCSA","eu-west-1","vpc-0352119401292876d","sg-0a62a40814bc87af9","rodcsrldman08p-01-sg","Security group for SQL Server RODCSRLDMAN08P","True","In Use","0","0","0","0","0","0","0","0","0","0","1","0","0","0","0","1","0","0","0","0"
"ipf-aws-vmc-sddc1","390439356506","nonprivFujitsuCSA","eu-west-1","vpc-0a3828acd165d4e15","sg-0145ff065b6406eb4","CommvaultmarketStaging-sg","Allow access to commvault staging server","True","In Use","0","0","0","0","0","0","0","0","0","0","1","0","0","0","0","1","0","0","0","0"
"ipf-aws-vmc-sddc1","390439356506","nonprivFujitsuCSA","eu-west-1","vpc-0a3828acd165d4e15","sg-064240b79178b03f6","HungaryCollection-sg","Allow Connectivity to Hungary Collection SQL Server","True","In Use","0","0","0","0","0","0","0","0","0","0","1","0","0","0","0","1","0","0","0","0"
"ipf-aws-vmc-sddc1","390439356506","nonprivFujitsuCSA","eu-west-1","vpc-0a3828acd165d4e15","sg-0d7b0075f996b90b4","fsx-ontap-cvpc-euw1-prod-sddc1-01-sg","Security group for Amazon FSx ONTAP","False","Orphaned","0","0","0","0","0","0","0","0","0","0","0","0","0","0","0","0","0","0","0","0"
"ipf-aws-vmc-sddc1","390439356506","nonprivFujitsuCSA","eu-west-1","vpc-0352119401292876d","sg-0de4638256fe03352","rodcsrhris10p-01-sg","Security group for SQL Server RODCSRHRIS10P","True","In Use","0","0","0","0","0","0","0","0","0","0","1","0","0","0","0","1","0","0","0","0"
"ipf-aws-vmc-sddc1","390439356506","nonprivFujitsuCSA","eu-west-1","vpc-0a3828acd165d4e15","sg-02ee6ea9a68a0a245","rediscmsonedigitalmsi-sg","rediscmsonedigitalmsi-sg","False","Orphaned","0","0","0","0","0","0","0","0","0","0","0","0","0","0","0","0","0","0","0","0"
"ipf-aws-vmc-sddc1","390439356506","nonprivFujitsuCSA","eu-west-1","vpc-0352119401292876d","sg-01e578391cb215495","launch-wizard-1","launch-wizard-1 created 2025-06-30T17:26:42.722Z","False","Orphaned","0","0","0","0","0","0","0","0","0","0","0","0","0","0","0","0","0","0","0","0"
"ipf-aws-vmc-sddc1","390439356506","nonprivFujitsuCSA","eu-west-1","vpc-0352119401292876d","sg-0ec6e7b1d08f0f414","rodcsrrimo07p-01-sg","Security group for SQL Server RODCSRRIMO07P","True","In Use","0","0","0","0","0","0","0","0","0","0","1","0","0","0","0","1","0","0","0","0"
"ipf-aws-vmc-sddc1","390439356506","nonprivFujitsuCSA","eu-west-1","vpc-0352119401292876d","sg-08adf7a30c6b6611f","rodcsrcrisk06p-01-sg","Security group for SQL Server RODCSRCRISK06P","True","In Use","0","0","0","0","0","0","0","0","0","0","1","0","0","0","0","1","0","0","0","0"
"ipf-aws-vmc-sddc1","390439356506","nonprivFujitsuCSA","eu-west-1","vpc-0a3828acd165d4e15","sg-05b889b9e4fa107da","marketrdsservers-sg","Allow communication to RDS","True","In Use","0","0","0","0","0","0","0","0","0","0","2","0","0","0","0","2","0","0","0","0"
"ipf-aws-vmc-sddc1","390439356506","nonprivFujitsuCSA","eu-west-1","vpc-0352119401292876d","sg-0ad395ecf5834b0a3","rofsxfileaccess-sg","Allow File Transfer","True","In Use","0","0","0","0","0","0","0","0","0","0","1","0","0","0","0","1","0","0","0","0"
"ipf-aws-vmc-sddc1","390439356506","nonprivFujitsuCSA","eu-west-1","vpc-0a3828acd165d4e15","sg-0cd3697d3b5dc9645","WSUS-Communication","CHG0447866 - Allow WSUS HTTP traffic","True","In Use","0","0","0","0","0","0","0","0","0","0","9","0","0","0","0","9","0","0","0","0"
"ipf-aws-vmc-sddc1","390439356506","nonprivFujitsuCSA","eu-west-1","vpc-0a3828acd165d4e15","sg-083f6bd1528d2b43d","IPFNetskope-UK-sg","CHG0450754- custome port","True","In Use","0","0","0","0","0","0","0","0","0","0","3","0","0","0","0","3","0","0","0","0"
"ipf-aws-vmc-sddc1","390439356506","nonprivFujitsuCSA","eu-west-1","vpc-0a3828acd165d4e15","sg-0a180bc4ab662e8d6","CustomerProfitabilitySQLServer-sg","Allow Access to Customer Profitability SQL Server","True","In Use","0","0","0","0","0","0","0","0","0","0","1","0","0","0","0","1","0","0","0","0"
"ipf-aws-vmc-sddc1","390439356506","nonprivFujitsuCSA","eu-west-1","vpc-0352119401292876d","sg-0fad6d80767eb508d","czdcsrsql12p-sql-01-sg","Security group for SQL Server CZDCSRSQL12P","False","Orphaned","0","0","0","0","0","0","0","0","0","0","0","0","0","0","0","0","0","0","0","0"
"ipf-aws-vmc-sddc1","390439356506","nonprivFujitsuCSA","eu-west-1","vpc-0a3828acd165d4e15","sg-0a3ea85ac319bb82e","AWS Elastic Disaster Recovery default Replication Server Security Group","Security group with the required permissions for AWS Elastic Disaster Recovery Replication Servers","False","Orphaned","0","0","0","0","0","0","0","0","0","0","0","0","0","0","0","0","0","0","0","0"
"ipf-aws-vmc-sddc1","390439356506","nonprivFujitsuCSA","eu-west-1","vpc-0a3828acd165d4e15","sg-03a001710ebccde54","FocusCNFSSQLServer-sg","Allow Access to Focus CNFS SQL Server","True","In Use","0","0","0","0","0","0","0","0","0","0","1","0","0","0","0","1","0","0","0","0"
"ipf-aws-vmc-sddc1","390439356506","nonprivFujitsuCSA","eu-west-1","vpc-0a3828acd165d4e15","sg-03c9f4a40926c1c01","oracleapexservers-sg","Allow access to Oracle Apex Servers","True","In Use","0","0","0","0","0","0","0","0","0","0","1","0","0","0","0","1","0","0","0","0"
"ipf-aws-vmc-sddc1","390439356506","nonprivFujitsuCSA","eu-west-1","vpc-0a3828acd165d4e15","sg-0be6c402c0ea82811","PIPSSQLServers-sg","Allow Access to PIPS SQL Servers","True","In Use","0","0","0","0","0","0","0","0","0","0","1","0","0","0","0","1","0","0","0","0"
"ipf-aws-vmc-sddc1","390439356506","nonprivFujitsuCSA","eu-west-1","vpc-0a3828acd165d4e15","sg-00920c24de20da0fe","OracleWeblogicServers-sg","Allow access to Oracle Web Logic Servers","True","In Use","0","0","0","0","0","0","0","0","0","0","1","0","0","0","0","1","0","0","0","0"
"ipf-aws-vmc-sddc1","390439356506","nonprivFujitsuCSA","eu-west-1","vpc-0352119401292876d","sg-084203cf76dd15921","vpc-endpoints-02-sg","Allow access to vpc endpoints","True","In Use","0","0","0","0","0","0","0","0","0","0","0","0","0","0","0","18","0","0","0","0"
"ipf-aws-vmc-sddc1","390439356506","nonprivFujitsuCSA","eu-west-1","vpc-0a3828acd165d4e15","sg-0cca4ca71ad752be0","IFRS9-SQLServers-sg","Allow access IFRS9 SQL servers","True","In Use","0","0","0","0","0","0","0","0","0","0","2","0","0","0","0","2","0","0","0","0"
"ipf-aws-vmc-sddc1","390439356506","nonprivFujitsuCSA","eu-west-1","vpc-0a3828acd165d4e15","sg-0f9c5914583de99b0","Licensemanager-sg","Allow access to License Manager SQL server","False","Orphaned","0","0","0","0","0","0","0","0","0","0","0","0","0","0","0","0","0","0","0","0"
"ipf-aws-vmc-sddc1","390439356506","nonprivFujitsuCSA","eu-west-1","vpc-0352119401292876d","sg-0bf64e971d465257a","Cloudmigration-sg","Cloud Migration SG","True","In Use","0","0","0","0","0","0","0","0","0","0","14","0","0","0","0","15","0","0","0","0"
"ipf-aws-vmc-sddc1","390439356506","nonprivFujitsuCSA","eu-west-1","vpc-0a3828acd165d4e15","sg-0e3440a27fc80aeb0","RomaniaMISQLServer-sg","Allow Access to Romania MI SQL Servers","True","In Use","0","0","0","0","0","0","0","0","0","0","1","0","0","0","0","1","0","0","0","0"
"ipf-aws-vmc-sddc1","390439356506","nonprivFujitsuCSA","eu-west-1","vpc-0352119401292876d","sg-0b6e0f04244ed9db2","rodcsra1db09p-02-sg","Allowing custom port ","True","In Use","0","0","0","0","0","0","0","0","0","0","1","0","0","0","0","1","0","0","0","0"
"ipf-aws-vmc-sddc1","390439356506","nonprivFujitsuCSA","eu-west-1","vpc-0a3828acd165d4e15","sg-08a423da55e8f5198","RomaniaMISQLServer2-sg","CHG0446218_25072024","True","In Use","0","0","0","0","0","0","0","0","0","0","1","0","0","0","0","1","0","0","0","0"
"ipf-aws-vmc-sddc1","390439356506","nonprivFujitsuCSA","eu-west-1","vpc-0352119401292876d","sg-0c844558fce3d50cf","rodcsrhris10p-02-sg","Allow the Custom TCP port","True","In Use","0","0","0","0","0","0","0","0","0","0","1","0","0","0","0","1","0","0","0","0"
"ipf-aws-vmc-sddc1","390439356506","nonprivFujitsuCSA","eu-west-1","vpc-0352119401292876d","sg-0c19f4416d3fe9500","rodcsrsdm13p-01-sg","Security group for SQL Server RODCSRSDM13P","True","In Use","0","0","0","0","0","0","0","0","0","0","3","0","0","0","0","4","0","0","0","0"
"ipf-aws-vmc-sddc1","390439356506","nonprivFujitsuCSA","eu-west-1","vpc-0352119401292876d","sg-0d625daced70a7985","MobileIron-connectivity-db-cvpc-euw1-prod-sddc1-01-sg","Connectivity from IPF AWS MobileIron Sentry subnets","True","In Use","0","0","0","0","0","0","0","0","0","0","1","0","0","0","0","1","0","0","0","0"
"ipf-aws-vmc-sddc1","390439356506","nonprivFujitsuCSA","eu-west-1","vpc-0a3828acd165d4e15","sg-05297895672d96198","boltsqlservers-sg","Allow Access Bolt GDS-CDV SQL servers","True","In Use","0","0","0","0","0","0","0","0","0","0","1","0","0","0","0","1","0","0","0","0"
"ipf-aws-vmc-sddc1","390439356506","nonprivFujitsuCSA","eu-west-1","vpc-0a3828acd165d4e15","sg-0322da05f187c1165","prodsddc1cvpcservers-02-sg","Security group for for all production application servers ","True","In Use","0","0","0","0","0","0","0","0","0","0","203","0","0","0","0","205","0","0","0","0"
"ipf-aws-vmc-sddc1","390439356506","nonprivFujitsuCSA","eu-west-1","vpc-0a3828acd165d4e15","sg-038a81bd4db8899e0","FocusTXLOGServer-sg","Allow Access to TX Logs Server","True","In Use","0","0","0","0","0","0","0","0","0","0","6","0","0","0","0","6","0","0","0","0"
"ipf-aws-vmc-sddc1","390439356506","nonprivFujitsuCSA","eu-west-1","vpc-0a3828acd165d4e15","sg-0083934f3153c06af","UKinternationalDomainMembers-sg","Active Directory Domain Members ","True","In Use","0","0","0","0","0","0","0","0","0","0","16","0","0","0","0","17","0","0","0","0"
"ipf-aws-vmc-sddc1","390439356506","nonprivFujitsuCSA","eu-west-1","vpc-0352119401292876d","sg-08f886d33110160dc","czdcsrsql08p-sql-01-sg","Security group for SQL Server CZDCSRSQL08P","False","Orphaned","0","0","0","0","0","0","0","0","0","0","0","0","0","0","0","0","0","0","0","0"
"ipf-aws-vmc-sddc1","390439356506","nonprivFujitsuCSA","eu-west-1","vpc-0a3828acd165d4e15","sg-05211e35a8b152615","Ec2migrationwave8-sg","Allow connection to ESB servers","True","In Use","0","0","0","0","0","0","0","0","0","0","4","0","0","0","0","4","0","0","0","0"
"ipf-aws-vmc-sddc1","390439356506","nonprivFujitsuCSA","eu-west-1","vpc-05e769480f8ef6118","sg-00bbb424929d8cac7","jcr-9645-eol-srv-build-sg","jcr-9645-eol-srv-build-sg","True","In Use","0","0","0","0","0","0","0","0","0","0","4","0","0","0","0","4","0","0","0","0"
"ipf-aws-vmc-sddc1","390439356506","nonprivFujitsuCSA","eu-west-1","vpc-0352119401292876d","sg-0d5084bdd40d4b9e7","CommvaultmarketStaging-sg","Allow access Commvault Staging servers","False","Orphaned","0","0","0","0","0","0","0","0","0","0","0","0","0","0","0","0","0","0","0","0"
"ipf-aws-vmc-sddc1","390439356506","nonprivFujitsuCSA","eu-west-1","vpc-0a3828acd165d4e15","sg-07a81143ca1aeff11","focuslnfsclients-sg","Allow connectivity from LNFS clients","True","In Use","0","0","0","0","0","0","0","0","0","0","135","0","0","0","0","135","0","0","0","0"
"ipf-aws-vmc-sddc1","390439356506","nonprivFujitsuCSA","eu-west-1","vpc-0a3828acd165d4e15","sg-07e18de6d4734755c","BlueAnalyzer-sg","Allow Access to Blue Analyzer SQL servers","True","In Use","0","0","0","0","0","0","0","0","0","0","1","0","0","0","0","1","0","0","0","0"
"ipf-aws-vmc-sddc1","390439356506","nonprivFujitsuCSA","eu-west-1","vpc-0352119401292876d","sg-0df7f30a52032d952","launch-wizard-2","launch-wizard-2 created 2024-11-07T11:26:00.173Z","False","Orphaned","0","0","0","0","0","0","0","0","0","0","0","0","0","0","0","0","0","0","0","0"
"ipf-aws-vmc-sddc1","390439356506","nonprivFujitsuCSA","eu-west-1","vpc-0a3828acd165d4e15","sg-0cd76d3ba76222787","MobileIron-connectivity-dc1ukfdsec001-cvpc-euw1-prod-sddc1-01-sg","Connectivity from IPF AWS MobileIron Sentry subnets","True","In Use","0","0","0","0","0","0","0","0","0","0","1","0","0","0","0","1","0","0","0","0"
"ipf-aws-vmc-sddc1","390439356506","nonprivFujitsuCSA","eu-west-1","vpc-0352119401292876d","sg-03f1bfae036fb63e8","launch-wizard-3","launch-wizard-3 created 2025-07-07T14:39:46.994Z","True","In Use","0","0","0","0","0","0","0","0","0","0","1","0","0","0","0","1","0","0","0","0"
"ipf-aws-vmc-sddc1","390439356506","nonprivFujitsuCSA","eu-west-1","vpc-0a3828acd165d4e15","sg-0c1c80b13e6028bff","autosysservers-sg","Allow access from Autosys Servers","True","In Use","0","0","0","0","0","0","0","0","0","0","1","0","0","0","0","1","0","0","0","0"
"ipf-aws-vmc-sddc1","390439356506","nonprivFujitsuCSA","eu-west-1","vpc-0a3828acd165d4e15","sg-0a30bf66428f48d07","ModernWorkPlace-Amelia-Automation","Amelia-Automation","True","In Use","0","0","0","0","0","0","0","0","0","0","1","0","0","0","0","1","0","0","0","0"
"ipf-aws-vmc-sddc1","390439356506","nonprivFujitsuCSA","eu-west-1","vpc-0352119401292876d","sg-09ffa1cb0a8799650","sdsprod-sql-01-sg","Prod","True","In Use","0","0","0","0","0","0","0","0","0","0","2","0","0","0","0","2","0","0","0","0"
"ipf-aws-vmc-sddc1","390439356506","nonprivFujitsuCSA","eu-west-1","vpc-0a3828acd165d4e15","sg-0f49c7935afd30919","IPFAccess-CMP-LCOP-sg","Allow access from CMP/LCOP","True","In Use","0","0","0","0","0","0","0","0","0","0","235","0","0","0","0","237","0","0","0","0"
"ipf-aws-vmc-sddc1","390439356506","nonprivFujitsuCSA","eu-west-1","vpc-0a3828acd165d4e15","sg-0125e6c5141d88356","SDSAccess-GDS-Reserve-DBs","Prod SDSAccess GDS DB","True","In Use","0","0","0","0","0","0","0","0","0","0","1","0","0","0","0","1","0","0","0","0"
"ipf-aws-vmc-sddc1","390439356506","nonprivFujitsuCSA","eu-west-1","vpc-0a3828acd165d4e15","sg-09a398d87915bb56f","AWS Application Migration Service default Replication Server Security Group","Security group with the required permissions for AWS Application Migration Service Replication Servers","False","Orphaned","0","0","0","0","0","0","0","0","0","0","0","0","0","0","0","0","0","0","0","0"
"ipf-aws-vmc-sddc1","390439356506","nonprivFujitsuCSA","eu-west-1","vpc-0352119401292876d","sg-034b4b282e5724e2b","czdcsrpbi01p-PL-01-sg","CHG0441667","False","Orphaned","0","0","0","0","0","0","0","0","0","0","0","0","0","0","0","0","0","0","0","0"
"ipf-aws-vmc-sddc1","390439356506","nonprivFujitsuCSA","eu-west-1","vpc-0352119401292876d","sg-07070d1c10c5737e0","rodcsrsql05p-01-sg","Security group for SQL Server RODCSRSQL05P","False","Orphaned","0","0","0","0","0","0","0","0","0","0","0","0","0","0","0","0","0","0","0","0"
"ipf-aws-vmc-sddc1","390439356506","nonprivFujitsuCSA","eu-west-1","vpc-0352119401292876d","sg-0c91dfa5370948972","rodcsra1db09p-01-sg","Security group for SQL Server RODCSRA1DB09P","True","In Use","0","0","0","0","0","0","0","0","0","0","1","0","0","0","0","1","0","0","0","0"
"ipf-aws-vmc-sddc1","390439356506","nonprivFujitsuCSA","eu-west-1","vpc-0a3828acd165d4e15","sg-00be6038c7ce4df3c","rofilegatewayappliance-01-sg","Security group for File Gateway Appliance","True","In Use","0","0","0","0","0","0","0","0","0","0","1","0","0","0","0","7","0","0","0","0"
"ipf-aws-vmc-sddc1","390439356506","nonprivFujitsuCSA","eu-west-1","vpc-0a3828acd165d4e15","sg-0d40b5abe4fb518b5","vpcAWSElasticDRS-sg","vpcAWSElasticDRS-sg","True","In Use","0","0","0","0","0","0","0","0","0","0","0","0","0","0","0","1","0","0","0","0"
"ipf-aws-vmc-sddc1","390439356506","nonprivFujitsuCSA","eu-west-1","vpc-0a3828acd165d4e15","sg-0309903a6a718cfe4","IPFAccess-SQL-BI-Access-sg","All Markert Clients","True","In Use","0","0","0","0","0","0","0","0","0","0","1","0","0","0","0","1","0","0","0","0"
"ipf-aws-vmc-sddc1","390439356506","nonprivFujitsuCSA","eu-west-1","vpc-0352119401292876d","sg-027ad221cde2e919c","rodcsrromdb12p-01-sg","Security group for SQL Server RODCSRROMDB12P","True","In Use","0","0","0","0","0","0","0","0","0","0","1","0","0","0","0","1","0","0","0","0"
"ipf-aws-vmc-sddc1","390439356506","nonprivFujitsuCSA","eu-west-1","vpc-0352119401292876d","sg-05443e6bcb1c07306","MarketManagedInstances-mvpc-sg-03","Security group specific for Commvault/SIEM/LM communications - do not add IP address outside these services ","True","In Use","0","0","0","0","0","0","0","0","0","0","14","0","0","0","0","15","0","0","0","0"
"ipf-aws-vmc-sddc1","390439356506","nonprivFujitsuCSA","eu-west-1","vpc-0352119401292876d","sg-0a33da527dcf79ece","Netskope-private-access-workloadsddc2-01","Allow connectivity to all sddc1 mvpc servers","True","In Use","0","0","0","0","0","0","0","0","0","0","15","0","0","0","0","16","0","0","0","0"
"ipf-aws-vmc-sddc1","390439356506","nonprivFujitsuCSA","eu-west-1","vpc-0a3828acd165d4e15","sg-0aa2df46df3d25316","IEDomainMembers-sg","Active Directory Domain Members","True","In Use","0","0","0","0","0","0","0","0","0","0","5","0","0","0","0","5","0","0","0","0"
"ipf-aws-vmc-sddc1","390439356506","nonprivFujitsuCSA","eu-west-1","vpc-0a3828acd165d4e15","sg-08296b646ae84597a","CloudEndure Replicator Security Group","Security group with the required permissions for CloudEndure replicators","False","Orphaned","0","0","0","0","0","0","0","0","0","0","0","0","0","0","0","0","0","0","0","0"
"ipf-aws-vmc-sddc1","390439356506","nonprivFujitsuCSA","eu-west-1","vpc-0352119401292876d","sg-0dffff6c4556134b6","rodcsrsql-01-sg","CHG0448080 - SQL port enable","True","In Use","0","0","0","0","0","0","0","0","0","0","4","0","0","0","0","4","0","0","0","0"
"ipf-aws-vmc-sddc1","390439356506","nonprivFujitsuCSA","eu-west-1","vpc-0a3828acd165d4e15","sg-013db01292e9af1a5","SQLDatabaseAOAG-sg","Allow access to SQL Database Servers - AOAG","True","In Use","0","0","0","0","0","0","0","0","0","0","7","0","0","0","0","7","0","0","0","0"
"ipf-aws-vmc-sddc1","390439356506","nonprivFujitsuCSA","eu-west-1","vpc-0a3828acd165d4e15","sg-0c11684cd18a75cac","AmazonFSx-sg","Allow access to Amazon FSx","True","In Use","0","0","1","0","0","0","0","0","0","0","0","0","0","0","0","1","0","0","0","0"
"ipf-aws-vmc-sddc1","390439356506","nonprivFujitsuCSA","eu-west-1","vpc-0a3828acd165d4e15","sg-0afe190a824a7cdda","Autosys-FSx-ONTAP-01-sg","Allow access to FSX ONTAP from Autosys Servers","True","In Use","0","0","2","0","0","0","0","0","0","0","0","0","0","0","0","2","0","0","0","0"
"ipf-aws-vmc-sddc1","390439356506","nonprivFujitsuCSA","eu-west-1","vpc-0a3828acd165d4e15","sg-076ae625d0f61d686","TM1Servers-sg","Allow Access to TM1 servers","False","Orphaned","0","0","0","0","0","0","0","0","0","0","0","0","0","0","0","0","0","0","0","0"
"ipf-aws-vmc-sddc1","390439356506","nonprivFujitsuCSA","eu-west-1","vpc-0a3828acd165d4e15","sg-0d8a20af9758efc79","RomaniaMIUKDC-sg","CHG0446218_25072024","True","In Use","0","0","0","0","0","0","0","0","0","0","1","0","0","0","0","1","0","0","0","0"
"ipf-aws-vmc-sddc1","390439356506","nonprivFujitsuCSA","eu-west-1","vpc-0a3828acd165d4e15","sg-0ee6e8af3ea6ee469","Oracledatabaseservers-sg","Allow Access to Oracle Database servers","True","In Use","0","0","0","0","0","0","0","0","0","0","1","0","0","0","0","1","0","0","0","0"
"ipf-aws-vmc-sddc1","390439356506","nonprivFujitsuCSA","eu-west-1","vpc-0352119401292876d","sg-09dd84013127227cf","rodcsrmirep03p-01-sg","Security group for SQL Server RODCSRMIREP03P","True","In Use","0","0","0","0","0","0","0","0","0","0","1","0","0","0","0","1","0","0","0","0"
"ipf-aws-vmc-sddc1","390439356506","nonprivFujitsuCSA","eu-west-1","vpc-0a3828acd165d4e15","sg-087d2993c5ebe1ea0","BizTalkSQLServers-sg","Allow Access to BizTalk SQL and Amazon FSx","True","In Use","0","0","2","0","0","0","0","0","0","0","2","0","0","0","0","4","0","0","0","0"
"ipf-aws-vmc-sddc1","390439356506","nonprivFujitsuCSA","eu-west-1","vpc-0352119401292876d","sg-093b634648f18f95d","rodcsrrimn11p-01-sg","Security group for SQL Server RODCSRRIMN11P","True","In Use","0","0","0","0","0","0","0","0","0","0","1","0","0","0","0","1","0","0","0","0"
"ipf-aws-vmc-sddc1","390439356506","nonprivFujitsuCSA","eu-west-1","vpc-0a3828acd165d4e15","sg-01a33b656df15e433","MobileIron-connectivity-UK-ADDC01-02-cvpc-euw1-prod-sddc1-01-sg","Connectivity from IPF AWS MobileIron Sentry and connector subnets","True","In Use","0","0","0","0","0","0","0","0","0","0","2","0","0","0","0","2","0","0","0","0"
"ipf-aws-vmc-sddc1","390439356506","nonprivFujitsuCSA","eu-west-1","vpc-0a3828acd165d4e15","sg-04341c2e077622703","cmsonedigitalmsiservers-sg","Allow access to CMS one Digital MSI servers","False","Orphaned","0","0","0","0","0","0","0","0","0","0","0","0","0","0","0","0","0","0","0","0"
"ipf-aws-vmc-sddc1","390439356506","nonprivFujitsuCSA","eu-west-1","vpc-0352119401292876d","sg-0ea009627dfcd5873","czdcsrsql01p-sql-01-sg","Security group for SQL Server CZDCSRSQL01P","False","Orphaned","0","0","0","0","0","0","0","0","0","0","0","0","0","0","0","0","0","0","0","0"
"ipf-aws-vmc-sddc1","390439356506","nonprivFujitsuCSA","eu-west-1","vpc-0a3828acd165d4e15","sg-086c6b2174f072c46","fjsrdsservers-01-sg","Security group for Fujitsu Terminal Server","True","In Use","0","0","0","0","0","0","0","0","0","0","1","0","0","0","0","1","0","0","0","0"
"ipf-aws-vmc-sddc1","390439356506","nonprivFujitsuCSA","eu-west-1","vpc-0a3828acd165d4e15","sg-066c67af435895ff6","Cloudmigration-sg","Unrestricted access from Fujitsu Terminal Servers","True","In Use","0","0","0","0","0","0","0","0","0","0","1","0","0","0","0","4","0","0","0","0"
"ipf-aws-vmc-sddc1","390439356506","nonprivFujitsuCSA","eu-west-1","vpc-0352119401292876d","sg-04db8efac33db3ace","rodcsrqscor01p-01-sg","Security group for SQL Server RODCSRQSCOR01P","True","In Use","0","0","0","0","0","0","0","0","0","0","1","0","0","0","0","1","0","0","0","0"
"ipf-aws-vmc-sddc1","390439356506","nonprivFujitsuCSA","eu-west-1","vpc-0a3828acd165d4e15","sg-03845ec928b7ec933","DC1IEADDC001-TEST","DC1IEADDC001-TEST","True","In Use","0","0","0","0","0","0","0","0","0","0","0","0","0","0","0","1","0","0","0","0"
"ipf-aws-vmc-sddc1","390439356506","nonprivFujitsuCSA","eu-west-1","vpc-0a3828acd165d4e15","sg-0624eed6e309638f0","PROD01DomainMembers-sg","Active Directory Domain Members ","True","In Use","0","0","0","0","0","0","0","0","0","0","23","0","0","0","0","23","0","0","0","0"
"ipf-aws-vmc-sddc1","390439356506","nonprivFujitsuCSA","eu-west-1","vpc-0352119401292876d","sg-0cc57fae1de8ac49f","rodcsrmidb02p-01-sg","Security group for SQL Server RODCSRMIDB02P","True","In Use","0","0","0","0","0","0","0","0","0","0","1","0","0","0","0","1","0","0","0","0"
"ipf-aws-vmc-sddc1","390439356506","nonprivFujitsuCSA","eu-west-1","vpc-0a3828acd165d4e15","sg-08d7c7daf8d525f43","huvolgatewayappliance-01-sg","Security group for Volume Gateway Appliance","False","Orphaned","0","0","0","0","0","0","0","0","0","0","0","0","0","0","0","0","0","0","0","0"
"ipf-aws-vmc-sddc1","390439356506","nonprivFujitsuCSA","eu-west-1","vpc-0352119401292876d","sg-09cd35557e419f514","ads-sql-01-sg","Security group for SQL Server ADS","True","In Use","0","0","0","0","0","0","0","0","0","0","1","0","0","0","0","1","0","0","0","0"
"ipf-aws-vmc-sddc1","390439356506","nonprivFujitsuCSA","eu-west-1","vpc-05e769480f8ef6118","sg-07b58e49b07bc8b98","scomsqlag-euw1-prod-workloadgroupit-01-sg","Allow SCOM SQL AG Connectivity","True","In Use","0","0","0","0","0","0","0","0","0","0","5","0","0","0","0","7","0","0","0","0"
"ipf-aws-vmc-sddc1","390439356506","nonprivFujitsuCSA","eu-west-1","vpc-05e769480f8ef6118","sg-0bc536f3e396bd413","scommanagedinstances-prod-workloadgroupit-01-sg","Allow Fujitsu Core Managed Instances Connectivity","True","In Use","0","0","0","0","0","0","0","0","0","0","5","0","0","0","0","7","0","0","0","0"
"ipf-aws-vmc-sddc1","390439356506","nonprivFujitsuCSA","eu-west-1","vpc-05e769480f8ef6118","sg-0c46474073a4ccb8e","ukint-adds-euw1-prod-workloadgroupit-01","UK International Active Directory Domain Services Security Groups","True","In Use","0","0","0","0","0","0","0","0","0","0","6","0","0","0","0","8","0","0","0","0"
"ipf-aws-vmc-sddc1","390439356506","nonprivFujitsuCSA","eu-west-1","vpc-05e769480f8ef6118","sg-0818fcd38ffa3b31f","scomsqlclus-prod-workloadgroupit-01-sg","Allow SCOM SQL Cluster Connectivity","True","In Use","0","0","0","0","0","0","0","0","0","0","5","0","0","0","0","7","0","0","0","0"
"ipf-aws-vmc-sddc1","390439356506","nonprivFujitsuCSA","eu-west-1","vpc-05e769480f8ef6118","sg-0e6fc8f0f5bebc744","amazonfsx-euw1-prod-workloadgroupit-01-sg","Allow SCOM SQL Server to FSX Connectivity","True","In Use","0","0","0","0","0","0","0","0","0","0","5","0","0","0","0","7","0","0","0","0"
"ipf-aws-vmc-sddc1","390439356506","nonprivFujitsuCSA","eu-west-1","vpc-05e769480f8ef6118","sg-065c08f7760ff3792","prod01-adds-euw1-prod-workloadgroupit-01","Prod01 Active Directory Domain Services Security Group","True","In Use","0","0","0","0","0","0","0","0","0","0","6","0","0","0","0","8","0","0","0","0"
"ipf-aws-vmc-sddc1","390439356506","nonprivFujitsuCSA","eu-west-1","vpc-05e769480f8ef6118","sg-0e1d154906b4d8554","scomiegw-euw1-prod-workloadgroupit-01-sg","Allow SCOM Gateway Server Connectivity","True","In Use","0","0","0","0","0","0","0","0","0","0","5","0","0","0","0","7","0","0","0","0"
"ipf-aws-vmc-sddc1","390439356506","nonprivFujitsuCSA","eu-west-1","vpc-05e769480f8ef6118","sg-07f4b7ddbf8ca9e91","scomms-euw1-prod-workloadgroupit-01-sg","Allow SCOM Management Server Connectivity","True","In Use","0","0","0","0","0","0","0","0","0","0","6","0","0","0","0","8","0","0","0","0"
"ipf-aws-vmc-sddc2","476008110860","nonprivFujitsuCSA","eu-west-1","vpc-0898264cf7b42dec5","sg-0f2a2b1d5111f926b","AWS Elastic Disaster Recovery default Replication Server Security Group","Security group with the required permissions for AWS Elastic Disaster Recovery Replication Servers","True","In Use","0",,"0","0","0","0","0","0","0","0","36","0","0","0","0","36","0","0","0","0"
"ipf-aws-vmc-sddc2","476008110860","nonprivFujitsuCSA","eu-west-1","vpc-03428acffe3242205","sg-0febe49c07ab204d0","FujitsuCoreManagedInstances-sg","Fujitsu Core Managed Instances","True","In Use","0",,"0","0","0","0","0","0","0","0","20","0","0","0","0","22","0","0","0","0"
"ipf-aws-vmc-sddc2","476008110860","nonprivFujitsuCSA","eu-west-1","vpc-03428acffe3242205","sg-0bb22e78e0a5062a5","dc-adfrmgmt-vpc-euw1-prod-adfr-01","Domain Controller to ADFR Management","True","In Use","0",,"0","0","0","0","0","0","0","0","4","0","0","0","0","4","0","0","0","0"
"ipf-aws-vmc-sddc2","476008110860","nonprivFujitsuCSA","eu-west-1","vpc-03428acffe3242205","sg-045dcc8b24e448996","AWS Application Migration Service default Conversion Server Security Group","Security group with the required permissions for AWS Application Migration Service Conversion Servers","False","Orphaned","0",,"0","0","0","0","0","0","0","0","0","0","0","0","0","0","0","0","0","0"
"ipf-aws-vmc-sddc2","476008110860","nonprivFujitsuCSA","eu-west-1","vpc-03428acffe3242205","sg-0f399adb423d73c5c","cloudmigration-sg","cloud migration security group","False","Orphaned","0",,"0","0","0","0","0","0","0","0","0","0","0","0","0","0","0","0","0","0"
"ipf-aws-vmc-sddc2","476008110860","nonprivFujitsuCSA","eu-west-1","vpc-0898264cf7b42dec5","sg-0e7875c6fc0338662","drsAWSElasticDRS-sg","AWS Elastic DRS Replication Servers","True","In Use","0",,"0","0","0","0","0","0","0","0","36","0","0","0","0","38","0","0","0","0"
"ipf-aws-vmc-sddc2","476008110860","nonprivFujitsuCSA","eu-west-1","vpc-03428acffe3242205","sg-0b69330c89fbd3df1","siemdlcservers-02-sg","Security group for dedicated log collector","False","Orphaned","0",,"0","0","0","0","0","0","0","0","0","0","0","0","0","0","0","0","0","0"
"ipf-aws-vmc-sddc2","476008110860","nonprivFujitsuCSA","eu-west-1","vpc-03428acffe3242205","sg-081edbad85ad5b00f","IEDomainMembers-sg","Active Directory Domain Members","False","Orphaned","0",,"0","0","0","0","0","0","0","0","0","0","0","0","0","0","0","0","0","0"
"ipf-aws-vmc-sddc2","476008110860","nonprivFujitsuCSA","eu-west-1","vpc-03428acffe3242205","sg-07382965378e9f325","siemslcservers-01-sg","Allow Access to SIEM SLC servers","False","Orphaned","0",,"0","0","0","0","0","0","0","0","0","0","0","0","0","0","0","0","0","0"
"ipf-aws-vmc-sddc2","476008110860","nonprivFujitsuCSA","eu-west-1","vpc-03428acffe3242205","sg-0c99bdb9c9605deab","launch-wizard-1","launch-wizard-1 created 2022-10-17T09:07:22.833Z","False","Orphaned","0",,"0","0","0","0","0","0","0","0","0","0","0","0","0","0","0","0","0","0"
"ipf-aws-vmc-sddc2","476008110860","nonprivFujitsuCSA","eu-west-1","vpc-03428acffe3242205","sg-08291fc712230b24b","cmsonedigitaldsiservers-sg","Allow access to CMS one Digital DSI servers","False","Orphaned","0",,"0","0","0","0","0","0","0","0","0","0","0","0","0","0","0","0","0","0"
"ipf-aws-vmc-sddc2","476008110860","nonprivFujitsuCSA","eu-west-1","vpc-03428acffe3242205","sg-01a03c35666baadcd","cmsonedigitalsqlsservers-sg","Allow Access to CMS One Digital SQL servers","True","In Use","0",,"0","0","0","0","0","0","0","0","1","0","0","0","0","1","0","0","0","0"
"ipf-aws-vmc-sddc2","476008110860","nonprivFujitsuCSA","eu-west-1","vpc-03428acffe3242205","sg-0b2865893cb69f247","UKinternationalDomainMembers-sg","Active Directory Domain Members","True","In Use","0",,"0","0","0","0","0","0","0","0","7","0","0","0","0","7","0","0","0","0"
"ipf-aws-vmc-sddc2","476008110860","nonprivFujitsuCSA","eu-west-1","vpc-03428acffe3242205","sg-0defb52701d9cf2cc","autosysservers-sg","Allow Autosys Application Servers","True","In Use","0",,"0","0","0","0","0","0","0","0","1","0","0","0","0","1","0","0","0","0"
"ipf-aws-vmc-sddc2","476008110860","nonprivFujitsuCSA","eu-west-1","vpc-03428acffe3242205","sg-0652b0e3378094d6d","CloudEndure Machine Converter","Security Group for CloudEndure Machine Converter","False","Orphaned","0",,"0","0","0","0","0","0","0","0","0","0","0","0","0","0","0","0","0","0"
"ipf-aws-vmc-sddc2","476008110860","nonprivFujitsuCSA","eu-west-1","vpc-03428acffe3242205","sg-04c21319f4a99776a","AWS Application Migration Service default Replication Server Security Group","Security group with the required permissions for AWS Application Migration Service Replication Servers","False","Orphaned","0",,"0","0","0","0","0","0","0","0","0","0","0","0","0","0","0","0","0","0"
"ipf-aws-vmc-sddc2","476008110860","nonprivFujitsuCSA","eu-west-1","vpc-03428acffe3242205","sg-08c07ed568eb0b5e0","IPFAccess-FOAM-HCPL-Prod-Access-sg","FOAM-PROD-ACCESS","False","Orphaned","0",,"0","0","0","0","0","0","0","0","0","0","0","0","0","0","0","0","0","0"
"ipf-aws-vmc-sddc2","476008110860","nonprivFujitsuCSA","eu-west-1","vpc-03428acffe3242205","sg-0ba7dc7c54cf63b0d","PROD02DomainMembers-sg","Active Directory Domain Members","False","Orphaned","0",,"0","0","0","0","0","0","0","0","0","0","0","0","0","0","0","0","0","0"
"ipf-aws-vmc-sddc2","476008110860","nonprivFujitsuCSA","eu-west-1","vpc-03428acffe3242205","sg-016eb1e381944ca61","WSUS-Communication","CHG0447866 - Allow WSUS HTTP traffic","True","In Use","0",,"0","0","0","0","0","0","0","0","1","0","0","0","0","1","0","0","0","0"
"ipf-aws-vmc-sddc2","476008110860","nonprivFujitsuCSA","eu-west-1","vpc-03428acffe3242205","sg-0e9c872bb0ecea355","BankrecSQLservers-sg","Allow access to BankRec SQL Servers","True","In Use","0",,"0","0","0","0","0","0","0","0","1","0","0","0","0","1","0","0","0","0"
"ipf-aws-vmc-sddc2","476008110860","nonprivFujitsuCSA","eu-west-1","vpc-03428acffe3242205","sg-050d9fccf14c47664","vpcesddc2endpoints-01-sg","Allow access to VPCe Endpoints","True","In Use","0",,"0","0","0","0","0","0","0","0","0","0","0","0","0","1","0","0","0","0"
"ipf-aws-vmc-sddc2","476008110860","nonprivFujitsuCSA","eu-west-1","vpc-03428acffe3242205","sg-0c8a75190900b3c8a","OracleEnterpriseManager-sg","Allow access from Oracle Bolt Servers","True","In Use","0",,"0","0","0","0","0","0","0","0","1","0","0","0","0","1","0","0","0","0"
"ipf-aws-vmc-sddc2","476008110860","nonprivFujitsuCSA","eu-west-1","vpc-03428acffe3242205","sg-00095d86b11a55686","Netskope-infrtastructure-workloadsddc2-01","Allow connectivity to all sddc2 servers","True","In Use","0",,"0","0","0","0","0","0","0","0","15","0","0","0","0","17","0","0","0","0"
"ipf-aws-vmc-sddc2","476008110860","nonprivFujitsuCSA","eu-west-1","vpc-03428acffe3242205","sg-0667461dae480d8f8","scommanagedinstances-euw1-prod-cvpc-workloadsddc2-01-sg","scommanagedinstances-euw1-prod-cvpc-workloadsddc2-01","False","Orphaned","0",,"0","0","0","0","0","0","0","0","0","0","0","0","0","0","0","0","0","0"
"ipf-aws-vmc-sddc2","476008110860","nonprivFujitsuCSA","eu-west-1","vpc-03428acffe3242205","sg-00d61dc7c8b6a42eb","FocusSQLAOAG-sg","Focus SQL AOAG Security group","True","In Use","0",,"0","0","0","0","0","0","0","0","2","0","0","0","0","2","0","0","0","0"
"ipf-aws-vmc-sddc2","476008110860","nonprivFujitsuCSA","eu-west-1","vpc-03428acffe3242205","sg-0f75adf36e4b6b952","vpcAWSElasticDRS-failback-sg","vpcAWSElasticDRS-failback-sg","True","In Use","0",,"0","0","0","0","0","0","0","0","0","0","0","0","0","1","0","0","0","0"
"ipf-aws-vmc-sddc2","476008110860","nonprivFujitsuCSA","eu-west-1","vpc-03428acffe3242205","sg-0c4f15911dd0c1db9","default","default VPC security group","True","In Use","0",,"0","0","0","0","0","0","0","0","0","0","0","0","0","10","0","0","0","0"
"ipf-aws-vmc-sddc2","476008110860","nonprivFujitsuCSA","eu-west-1","vpc-03428acffe3242205","sg-0a6a409dd74c719c7","fjsrdsservers-01-sg","Security group for Fujitsu Terminal Server","True","In Use","0",,"0","0","0","0","0","0","0","0","1","0","0","0","0","1","0","0","0","0"
"ipf-aws-vmc-sddc2","476008110860","nonprivFujitsuCSA","eu-west-1","vpc-03428acffe3242205","sg-098fcb67a429033b2","RomaniaMISQLServer2-sg","CHG0446218_25072024","True","In Use","0",,"0","0","0","0","0","0","0","0","1","0","0","0","0","1","0","0","0","0"
"ipf-aws-vmc-sddc2","476008110860","nonprivFujitsuCSA","eu-west-1","vpc-03428acffe3242205","sg-023add0a7b608b3d5","Autosys-FSx-ONTAP-01-sg","Allow access to FSX ONTAP from Autosys Servers","True","In Use","0",,"2","0","0","0","0","0","0","0","0","0","0","0","0","2","0","0","0","0"
"ipf-aws-vmc-sddc2","476008110860","nonprivFujitsuCSA","eu-west-1","vpc-03428acffe3242205","sg-014a44ac9a134aca8","BlueAnalyzer-sg","Allow Access to Blue Analyzer SQL servers","True","In Use","0",,"0","0","0","0","0","0","0","0","1","0","0","0","0","1","0","0","0","0"
"ipf-aws-vmc-sddc2","476008110860","nonprivFujitsuCSA","eu-west-1","vpc-03428acffe3242205","sg-0f6f1d782bda967a9","Netskope-private-access-workloadsddc2-01","Allow connectivity to all sddc2 servers","True","In Use","0",,"0","0","0","0","0","0","0","0","12","0","0","0","0","14","0","0","0","0"
"ipf-aws-vmc-sddc2","476008110860","nonprivFujitsuCSA","eu-west-1","vpc-03428acffe3242205","sg-0818c8a77c9a794d1","RomaniaMISQLServer-sg","Allow access to Romania MI SQL Server","True","In Use","0",,"0","0","0","0","0","0","0","0","1","0","0","0","0","1","0","0","0","0"
"ipf-aws-vmc-sddc2","476008110860","nonprivFujitsuCSA","eu-west-1","vpc-03428acffe3242205","sg-0785048216a8b6020","prodsddc2cvpcservers-02-sg","Security group for for all test and Dev application servers ","True","In Use","0",,"0","0","0","0","0","0","0","0","8","0","0","0","0","10","0","0","0","0"
"ipf-aws-vmc-sddc2","476008110860","nonprivFujitsuCSA","eu-west-1","vpc-03428acffe3242205","sg-055e802c53e639800","IPFAccess-CMP-LCOP-sg","Allow Access from CMP and LCOP","True","In Use","0",,"0","0","0","0","0","0","0","0","11","0","0","0","0","13","0","0","0","0"
"ipf-aws-vmc-sddc2","476008110860","nonprivFujitsuCSA","eu-west-1","vpc-0898264cf7b42dec5","sg-0b54cd4a609f13fb0","AWS Elastic Disaster Recovery default Conversion Server Security Group","Security group with the required permissions for AWS Elastic Disaster Recovery Conversion Servers","False","Orphaned","0",,"0","0","0","0","0","0","0","0","0","0","0","0","0","0","0","0","0","0"
"ipf-aws-vmc-sddc2","476008110860","nonprivFujitsuCSA","eu-west-1","vpc-03428acffe3242205","sg-0ebd8ccff964172b7","oracleapexservers-sg","Allow access to Oracle Apex Servers","False","Orphaned","0",,"0","0","0","0","0","0","0","0","0","0","0","0","0","0","0","0","0","0"
"ipf-aws-vmc-sddc2","476008110860","nonprivFujitsuCSA","eu-west-1","vpc-03428acffe3242205","sg-05a798d42c8ca9b0c","mex-adds-cvpc-euw1-prod-sddc2-01-sg","Allow connectivity from Mexico ADDS","True","In Use","0",,"0","0","0","0","0","0","0","0","2","0","0","0","0","2","0","0","0","0"
"ipf-aws-vmc-sddc2","476008110860","nonprivFujitsuCSA","eu-west-1","vpc-03428acffe3242205","sg-083c860e82cbec38f","PROD01DomainMembers-sg","Active Directory Domain Members","True","In Use","0",,"0","0","0","0","0","0","0","0","5","0","0","0","0","5","0","0","0","0"
"ipf-aws-vmc-sddc2","476008110860","nonprivFujitsuCSA","eu-west-1","vpc-0898264cf7b42dec5","sg-0a18d8ad382e9bed5","default","default VPC security group","False","Orphaned","0",,"0","0","0","0","0","0","0","0","0","0","0","0","0","0","0","0","0","0"
"ipf-aws-vmc-sddc2","476008110860","nonprivFujitsuCSA","eu-west-1","vpc-03428acffe3242205","sg-00bb6cdaf4804f26d","MyProviSQLservers-sg","Allow Access to MyProvi SQL servers","True","In Use","0",,"0","0","0","0","0","0","0","0","1","0","0","0","0","1","0","0","0","0"
"ipf-aws-vmc-sddc2","476008110860","nonprivFujitsuCSA","eu-west-1","vpc-03428acffe3242205","sg-091a2a8e492821297","cmsonedigitalsqlserver2-sg","CHG0444733_23072024","True","In Use","0",,"0","0","0","0","0","0","0","0","1","0","0","0","0","1","0","0","0","0"
"ipf-aws-vmc-sddc2","476008110860","nonprivFujitsuCSA","eu-west-1","vpc-03428acffe3242205","sg-05a68210d46932e8c","cmsservers-sg","Allow access to SQL servers","False","Orphaned","0",,"0","0","0","0","0","0","0","0","0","0","0","0","0","0","0","0","0","0"
"ipf-aws-vmc-sddc2","476008110860","nonprivFujitsuCSA","eu-west-1","vpc-03428acffe3242205","sg-0935a51b9e481ede7","CloudEndure Replicator Security Group","Security group with the required permissions for CloudEndure replicators","False","Orphaned","0",,"0","0","0","0","0","0","0","0","0","0","0","0","0","0","0","0","0","0"
"ipf-aws-vmc-sddc2","476008110860","nonprivFujitsuCSA","eu-west-1","vpc-03428acffe3242205","sg-088b8b4e63efd6ed1","cmsonedigitalmsiservers-sg","Allow access to CMS one Digital MSI servers","False","Orphaned","0",,"0","0","0","0","0","0","0","0","0","0","0","0","0","0","0","0","0","0"
"ipf-aws-vmc-sddc2","476008110860","nonprivFujitsuCSA","eu-west-1","vpc-03428acffe3242205","sg-0d53551eeb0ee7eb3","FujitsuTerminalServerSSH-sg","Fujitsu Terminal Servers SSH","True","In Use","0",,"0","0","0","0","0","0","0","0","1","0","0","0","0","1","0","0","0","0"
"ipf-aws-vmc-sddc2","476008110860","nonprivFujitsuCSA","eu-west-1","vpc-03428acffe3242205","sg-0c149fd9199dcde62","SQLDatabaseAOAG-sg","Allow access to SQL AlwaysOn Availability Group Nodes","True","In Use","0",,"0","0","0","0","0","0","0","0","6","0","0","0","0","6","0","0","0","0"
"ipf-aws-vmc-sddc2","476008110860","nonprivFujitsuCSA","eu-west-1","vpc-03428acffe3242205","sg-0bb8c4c0b8d015453","prodsddc2cvpcservers-01-sg","Security group for for all production application servers ","True","In Use","0",,"0","0","0","0","0","0","0","0","8","0","0","0","0","10","0","0","0","0"
"ipf-aws-vmc-sddc2","476008110860","nonprivFujitsuCSA","eu-west-1","vpc-03428acffe3242205","sg-0485bc9c73bc5104e","SQLDBTest","SQLDBTest","False","Orphaned","0",,"0","0","0","0","0","0","0","0","0","0","0","0","0","0","0","0","0","0"
"ipf-aws-vmc-sddc2","476008110860","nonprivFujitsuCSA","eu-west-1","vpc-03428acffe3242205","sg-0002187c449ea5ef1","PFGroupDomainMembers-sg","Active Directory Domain Members","False","Orphaned","0",,"0","0","0","0","0","0","0","0","0","0","0","0","0","0","0","0","0","0"
"ipf-aws-vmc-sddc2","476008110860","nonprivFujitsuCSA","eu-west-1","vpc-03428acffe3242205","sg-0646a6f3548e8fe9f","PIPSSQLServers-sg","Allow Access to PIPS SQL servers","True","In Use","0",,"0","0","0","0","0","0","0","0","1","0","0","0","0","1","0","0","0","0"
"ipf-aws-vmc-sddc2","476008110860","nonprivFujitsuCSA","eu-west-1","vpc-03428acffe3242205","sg-0c7d6c966d3effd04","siemdlcservers-01-sg","Security group for dedicated log collector","False","Orphaned","0",,"0","0","0","0","0","0","0","0","0","0","0","0","0","0","0","0","0","0"
"ipf-aws-vmc-sddc2","476008110860","nonprivFujitsuCSA","eu-west-1","vpc-03428acffe3242205","sg-024e292c2daf0c6d7","cmssqlsservers-sg","Allow access to CMS SQL Servers","True","In Use","0",,"0","0","0","0","0","0","0","0","1","0","0","0","0","1","0","0","0","0"
"ipf-aws-vmc-sddc2","476008110860","nonprivFujitsuCSA","eu-west-1","vpc-03428acffe3242205","sg-07c9574576bbac8fa","RomaniaMIUKDC-sg","CHG0446218_25072024","True","In Use","0",,"0","0","0","0","0","0","0","0","1","0","0","0","0","1","0","0","0","0"
